id,local_id,attributes,created_at,updated_at,name,category,illustrator,tags,rarity_id,image_key
01a0e3c1-6b65-7a56-b2cf-92dd9758ba9c,005,"{""stage"":""basic"",""regulationMark"":""J""}",2026-09-27 16:44:59.012597+00,2026-10-05 10:49:01.461313+00,Tropius,Pokémon,Minahamu,[],01a0e6e5-e72b-7cd4-9a2c-fbedbec301cb,cards/01a0e3c1-6b65-7a56-b2cf-92dd9758ba9c
01a0e3c1-6cde-70dc-af25-85c7895c180e,003,"{""stage"":""basic"",""regulationMark"":""J""}",2026-09-27 16:44:59.375506+00,2026-10-05 10:49:02.045111+00,Volbeat,Pokémon,Yoriyuki Ikegami,[],01a0e6e5-e72b-7cd4-9a2c-fbedbec301cb,cards/01a0e3c1-6cde-70dc-af25-85c7895c180e
01a0e3c1-6dab-7b3f-9c05-24526fe12c78,004,"{""stage"":""basic"",""regulationMark"":""J""}",2026-09-27 16:44:59.659914+00,2026-10-05 10:49:02.688331+00,Illumise,Pokémon,Shibuzoh.,[],01a0e6e5-e72b-7cd4-9a2c-fbedbec301cb,cards/01a0e3c1-6dab-7b3f-9c05-24526fe12c78
01a0e3c1-6fb2-78fa-9cc9-24d41fe995d3,002,"{""stage"":""Stage 1"",""regulationMark"":""J""}",2026-09-27 16:45:00.178427+00,2026-10-05 10:49:03.305769+00,Alolan Exeggutor,Pokémon,Oswaldo KATO,[],01a0e6e5-e72b-7cd4-9a2c-fbedbec301cb,cards/01a0e3c1-6fb2-78fa-9cc9-24d41fe995d3
01a0e3c1-720e-7b03-a22c-7df880b245aa,001,"{""stage"":""basic"",""regulationMark"":""J""}",2026-09-27 16:45:00.770236+00,2026-10-05 10:49:03.851494+00,Exeggcute,Pokémon,Nelnal,[],01a0e6e5-e72b-7cd4-9a2c-fbedbec301cb,cards/01a0e3c1-720e-7b03-a22c-7df880b245aa
01a0e3c1-73d3-7d09-800e-48e182e01fc8,006,"{""stage"":""basic"",""regulationMark"":""J""}",2026-09-27 16:45:01.228251+00,2026-10-05 10:49:04.492814+00,Cherubi,Pokémon,Kurata So,[],01a0e6e5-e72b-7cd4-9a2c-fbedbec301cb,cards/01a0e3c1-73d3-7d09-800e-48e182e01fc8
01a0e3c1-7553-7b11-bc7d-e3321b8ecf96,007,"{""stage"":""Stage 1"",""regulationMark"":""J""}",2026-09-27 16:45:01.615383+00,2026-10-05 10:49:05.208568+00,Cherrim,Pokémon,takashi shiraishi,[],01a0e6e5-e72b-7cd4-9a2c-fbedbec301cb,cards/01a0e3c1-7553-7b11-bc7d-e3321b8ecf96
01a0e3c1-774b-70f8-8538-c5a1ea034d99,008,"{""stage"":""Stage 2"",""regulationMark"":""J""}",2026-09-27 16:45:02.122048+00,2026-10-05 10:49:05.949189+00,Vivillon,Pokémon,Jerky,[],01a0e6e5-e72b-7cd4-9a2c-fbedbec301cb,cards/01a0e3c1-774b-70f8-8538-c5a1ea034d99
01a0e3c1-794a-70d1-b0c0-664a289bf4ae,009,"{""stage"":""basic"",""regulationMark"":""J""}",2026-09-27 16:45:02.633174+00,2026-10-05 10:49:06.639687+00,Vulpix,Pokémon,miki kudo,[],01a0e6e5-e72b-7cd4-9a2c-fbedbec301cb,cards/01a0e3c1-794a-70d1-b0c0-664a289bf4ae
01a0e3c1-7b3c-7a9d-b008-72d1db96e399,010,"{""stage"":""Stage 1"",""regulationMark"":""J""}",2026-09-27 16:45:03.131662+00,2026-10-05 10:49:07.280112+00,Ninetales,Pokémon,kodama,[],01a0e6e5-e72b-7cd4-9a2c-fbedbec301cb,cards/01a0e3c1-7b3c-7a9d-b008-72d1db96e399
01a0e3c1-7d74-770a-b860-a23a5410f840,011,"{""stage"":""basic"",""regulationMark"":""J""}",2026-09-27 16:45:03.658777+00,2026-10-05 10:49:07.85079+00,Moltres,Pokémon,HYOGONOSUKE,[],01a0e6e5-e72b-7cd4-9a2c-fbedbec301cb,cards/01a0e3c1-7d74-770a-b860-a23a5410f840
01a0e3c1-7f61-7514-b025-c054e6cee8e9,012,"{""stage"":""basic"",""regulationMark"":""J""}",2026-09-27 16:45:04.16843+00,2026-10-05 10:49:08.565823+00,Ho-Oh,Pokémon,Anesaki Dynamic,[],01a0e6e5-e72b-7cd4-9a2c-fbedbec301cb,cards/01a0e3c1-7f61-7514-b025-c054e6cee8e9
01a0e3c1-816e-7c86-9006-cec350bb303c,013,"{""stage"":""basic"",""regulationMark"":""J""}",2026-09-27 16:45:04.689933+00,2026-10-05 10:49:09.230618+00,Victini,Pokémon,Jiro Sasumo,[],01a0e6e5-e72b-7cd4-9a2c-fbedbec301cb,cards/01a0e3c1-816e-7c86-9006-cec350bb303c
01a0e3c1-8363-78cf-a653-df8fa83342b1,014,"{""stage"":""basic"",""regulationMark"":""J""}",2026-09-27 16:45:05.194165+00,2026-10-05 10:49:09.921936+00,Reshiram,Pokémon,Uta,[],01a0e6e5-e72b-7cd4-9a2c-fbedbec301cb,cards/01a0e3c1-8363-78cf-a653-df8fa83342b1
01a0e3c1-852a-7b58-8a3a-a02d30f7ca7b,015,"{""stage"":""basic"",""regulationMark"":""J"",""specialMarkers"":[""ex""]}",2026-09-27 16:45:05.608073+00,2026-10-05 10:49:10.521839+00,Fuecoco ex,Pokémon,5ban Graphics,[],01a0e6e6-025c-7cc3-a5e7-4eae26881d37,cards/01a0e3c1-852a-7b58-8a3a-a02d30f7ca7b
01a0e3c1-8763-7009-85e1-0f5b23afbc07,016,"{""stage"":""basic"",""regulationMark"":""J""}",2026-09-27 16:45:06.21705+00,2026-10-05 10:49:11.114492+00,Slowpoke,Pokémon,Uninori,[],01a0e6e5-e72b-7cd4-9a2c-fbedbec301cb,cards/01a0e3c1-8763-7009-85e1-0f5b23afbc07
01a0e3c1-88e2-7daa-bdc3-695e19f93988,017,"{""stage"":""basic"",""regulationMark"":""J""}",2026-09-27 16:45:06.625999+00,2026-10-05 10:49:11.926058+00,Lapras,Pokémon,Masa,[],01a0e6e5-e72b-7cd4-9a2c-fbedbec301cb,cards/01a0e3c1-88e2-7daa-bdc3-695e19f93988
01a0e3c1-8ae3-71cc-89a6-6283e68e4df4,018,"{""stage"":""basic"",""regulationMark"":""J""}",2026-09-27 16:45:07.138475+00,2026-10-05 10:49:12.508758+00,Articuno,Pokémon,HYOGONOSUKE,[],01a0e6e5-e72b-7cd4-9a2c-fbedbec301cb,cards/01a0e3c1-8ae3-71cc-89a6-6283e68e4df4
01a0e3c1-8cf1-7aad-bd62-b7456e06ed62,019,"{""stage"":""basic"",""regulationMark"":""J""}",2026-09-27 16:45:07.653352+00,2026-10-05 10:49:13.116993+00,Kyogre,Pokémon,Tonji Matsuno,[],01a0e6e5-e72b-7cd4-9a2c-fbedbec301cb,cards/01a0e3c1-8cf1-7aad-bd62-b7456e06ed62
01a0e3c1-9001-7ac3-bd82-6c030491b79a,020,"{""stage"":""basic"",""regulationMark"":""J""}",2026-09-27 16:45:08.422807+00,2026-10-05 10:49:13.735773+00,Palkia,Pokémon,kawayoo,[],01a0e6e5-e72b-7cd4-9a2c-fbedbec301cb,cards/01a0e3c1-9001-7ac3-bd82-6c030491b79a
01a0e3c1-91d1-73ff-8f6c-ee0e91324f1d,021,"{""stage"":""Stage 2"",""regulationMark"":""J"",""specialMarkers"":[""ex""]}",2026-09-27 16:45:08.825413+00,2026-10-05 10:49:14.365394+00,Greninja ex,Pokémon,5ban Graphics,[],01a0e6e6-025c-7cc3-a5e7-4eae26881d37,cards/01a0e3c1-91d1-73ff-8f6c-ee0e91324f1d
01a0e3c1-92d0-71a2-804f-52e3fcbf8a64,022,"{""stage"":""basic"",""regulationMark"":""J""}",2026-09-27 16:45:09.161198+00,2026-10-05 10:49:15.000412+00,Wishiwashi,Pokémon,Narano,[],01a0e6e5-e72b-7cd4-9a2c-fbedbec301cb,cards/01a0e3c1-92d0-71a2-804f-52e3fcbf8a64
01a0e3c1-94e6-7958-b31f-afe8c3d64613,023,"{""stage"":""basic"",""regulationMark"":""J""}",2026-09-27 16:45:09.69916+00,2026-10-05 10:49:15.694871+00,Pikachu,Pokémon,Ken Sugimori,[],01a0e6e5-e72b-7cd4-9a2c-fbedbec301cb,cards/01a0e3c1-94e6-7958-b31f-afe8c3d64613
01a0e3c1-96e4-7aec-9d7e-3334d7c8d432,024,"{""stage"":""basic"",""regulationMark"":""J""}",2026-09-27 16:45:10.209279+00,2026-10-05 10:49:16.4395+00,Pikachu,Pokémon,danciao,[],01a0e6e5-e72b-7cd4-9a2c-fbedbec301cb,cards/01a0e3c1-96e4-7aec-9d7e-3334d7c8d432
01a0e3c1-996e-7ad1-8d2a-813a0725006a,025,"{""stage"":""basic"",""regulationMark"":""J""}",2026-09-27 16:45:10.813482+00,2026-10-05 10:49:17.240073+00,Pikachu,Pokémon,satoma,[],01a0e6e5-e72b-7cd4-9a2c-fbedbec301cb,cards/01a0e3c1-996e-7ad1-8d2a-813a0725006a
01a0e3c1-9a45-7f11-bf7c-06a8fec65bcd,026,"{""stage"":""basic"",""regulationMark"":""J""}",2026-09-27 16:45:11.077421+00,2026-10-05 10:49:18.212931+00,Pikachu,Pokémon,Takeshi Nakamura,[],01a0e6e5-e72b-7cd4-9a2c-fbedbec301cb,cards/01a0e3c1-9a45-7f11-bf7c-06a8fec65bcd
01a0e3c1-9cad-7f5d-8bd6-7cc53bc21fef,027,"{""stage"":""basic"",""regulationMark"":""J""}",2026-09-27 16:45:11.666752+00,2026-10-05 10:49:19.140634+00,Pikachu,Pokémon,Asako Ito,[],01a0e6e5-e72b-7cd4-9a2c-fbedbec301cb,cards/01a0e3c1-9cad-7f5d-8bd6-7cc53bc21fef
01a0e3c1-9e92-7c15-b507-b666f23fb55f,028,"{""stage"":""basic"",""regulationMark"":""J""}",2026-09-27 16:45:12.152436+00,2026-10-05 10:49:19.802506+00,Pikachu,Pokémon,sowsow,[],01a0e6e5-e72b-7cd4-9a2c-fbedbec301cb,cards/01a0e3c1-9e92-7c15-b507-b666f23fb55f
01a0e3c1-a0b3-7569-992a-cd2ec746a461,029,"{""stage"":""basic"",""regulationMark"":""J""}",2026-09-27 16:45:12.69702+00,2026-10-05 10:49:20.417927+00,Pikachu,Pokémon,James Turner,[],01a0e6e5-e72b-7cd4-9a2c-fbedbec301cb,cards/01a0e3c1-a0b3-7569-992a-cd2ec746a461
01a0e3c1-a295-7cdb-8fe5-df5064ccd98e,030,"{""stage"":""basic"",""regulationMark"":""J""}",2026-09-27 16:45:13.180775+00,2026-10-05 10:49:21.039841+00,Pikachu,Pokémon,DOM,[],01a0e6e5-e72b-7cd4-9a2c-fbedbec301cb,cards/01a0e3c1-a295-7cdb-8fe5-df5064ccd98e
01a0e3c1-a416-73eb-bf60-68dcd020cb59,031,"{""stage"":""basic"",""regulationMark"":""J""}",2026-09-27 16:45:13.588773+00,2026-10-05 10:49:21.6635+00,Pikachu,Pokémon,Atsushi Furusawa,[],01a0e6e5-e72b-7cd4-9a2c-fbedbec301cb,cards/01a0e3c1-a416-73eb-bf60-68dcd020cb59
01a0e3c1-a695-77d9-8882-9f9dcfdbc83f,032,"{""stage"":""basic"",""regulationMark"":""J""}",2026-09-27 16:45:14.202746+00,2026-10-05 10:49:22.333435+00,Pikachu,Pokémon,Tomokazu Komiya,[],01a0e6e5-e72b-7cd4-9a2c-fbedbec301cb,cards/01a0e3c1-a695-77d9-8882-9f9dcfdbc83f
01a0e3c1-a841-712b-9dcf-013d696b6429,033,"{""stage"":""basic"",""regulationMark"":""J""}",2026-09-27 16:45:14.618384+00,2026-10-05 10:49:23.104091+00,Pikachu,Pokémon,Narumi Sato,[],01a0e6e5-e72b-7cd4-9a2c-fbedbec301cb,cards/01a0e3c1-a841-712b-9dcf-013d696b6429
01a0e3c1-aa9a-7d2c-8aa6-aa6df788cc85,034,"{""stage"":""basic"",""regulationMark"":""J""}",2026-09-27 16:45:15.229946+00,2026-10-05 10:49:23.70453+00,Pikachu,Pokémon,USGMEN,[],01a0e6e5-e72b-7cd4-9a2c-fbedbec301cb,cards/01a0e3c1-aa9a-7d2c-8aa6-aa6df788cc85
01a0e3c1-ac54-7cc5-b3ae-e42924f7c5ef,035,"{""stage"":""basic"",""regulationMark"":""J""}",2026-09-27 16:45:15.655443+00,2026-10-05 10:49:24.281016+00,Pikachu,Pokémon,Susumu Maeya,[],01a0e6e5-e72b-7cd4-9a2c-fbedbec301cb,cards/01a0e3c1-ac54-7cc5-b3ae-e42924f7c5ef
01a0e3c1-ade2-7b3e-b90e-583d7806d5df,036,"{""stage"":""basic"",""regulationMark"":""J""}",2026-09-27 16:45:16.068609+00,2026-10-05 10:49:25.050767+00,Pikachu,Pokémon,OKACHEKE,[],01a0e6e5-e72b-7cd4-9a2c-fbedbec301cb,cards/01a0e3c1-ade2-7b3e-b90e-583d7806d5df
01a0e3c1-b030-7d3a-9888-e9441eca8f84,037,"{""stage"":""basic"",""regulationMark"":""J""}",2026-09-27 16:45:16.658412+00,2026-10-05 10:49:25.740722+00,Pikachu,Pokémon,Yuu Nishida,[],01a0e6e5-e72b-7cd4-9a2c-fbedbec301cb,cards/01a0e3c1-b030-7d3a-9888-e9441eca8f84
01a0e3c1-b22f-7d8a-a9f4-9464455b6c8c,038,"{""stage"":""basic"",""regulationMark"":""J""}",2026-09-27 16:45:17.173931+00,2026-10-05 10:49:26.373637+00,Pikachu,Pokémon,Tetsu Kayama,[],01a0e6e5-e72b-7cd4-9a2c-fbedbec301cb,cards/01a0e3c1-b22f-7d8a-a9f4-9464455b6c8c
01a0e3c1-b42e-7254-9361-4ba482530ff3,039,"{""stage"":""basic"",""regulationMark"":""J""}",2026-09-27 16:45:17.682333+00,2026-10-05 10:49:27.00906+00,Pikachu,Pokémon,Teeziro,[],01a0e6e5-e72b-7cd4-9a2c-fbedbec301cb,cards/01a0e3c1-b42e-7254-9361-4ba482530ff3
01a0e3c1-b6d0-722e-9fe0-c605c14810fa,040,"{""stage"":""basic"",""regulationMark"":""J""}",2026-09-27 16:45:18.353693+00,2026-10-05 10:49:27.645462+00,Pikachu,Pokémon,Shinji Kanda,[],01a0e6e5-e72b-7cd4-9a2c-fbedbec301cb,cards/01a0e3c1-b6d0-722e-9fe0-c605c14810fa
01a0e3c1-b845-7bf7-aec4-776bc04f4cae,041,"{""stage"":""basic"",""regulationMark"":""J""}",2026-09-27 16:45:18.711865+00,2026-10-05 10:49:28.243327+00,Pikachu,Pokémon,Rianti Hidayat,[],01a0e6e5-e72b-7cd4-9a2c-fbedbec301cb,cards/01a0e3c1-b845-7bf7-aec4-776bc04f4cae
01a0e3c1-b9cf-721a-af67-5afb3dc0366b,042,"{""stage"":""basic"",""regulationMark"":""J""}",2026-09-27 16:45:19.120868+00,2026-10-05 10:49:28.794667+00,Pikachu,Pokémon,Akira Komayama,[],01a0e6e5-e72b-7cd4-9a2c-fbedbec301cb,cards/01a0e3c1-b9cf-721a-af67-5afb3dc0366b
01a0e3c1-bbe1-75f5-b453-9d6d3355ce9a,043,"{""stage"":""basic"",""regulationMark"":""J""}",2026-09-27 16:45:19.64283+00,2026-10-05 10:49:29.380157+00,Pikachu,Pokémon,OOYAMA,[],01a0e6e5-e72b-7cd4-9a2c-fbedbec301cb,cards/01a0e3c1-bbe1-75f5-b453-9d6d3355ce9a
01a0e3c1-bec3-73ff-ae79-6fbc09a6462a,044,"{""stage"":""basic"",""regulationMark"":""J""}",2026-09-27 16:45:20.356055+00,2026-10-05 10:49:30.000396+00,Pikachu,Pokémon,akagi,[],01a0e6e5-e72b-7cd4-9a2c-fbedbec301cb,cards/01a0e3c1-bec3-73ff-ae79-6fbc09a6462a
01a0e3c1-bf60-706b-8689-89e1b875a525,045,"{""stage"":""basic"",""regulationMark"":""J""}",2026-09-27 16:45:20.573137+00,2026-10-05 10:49:30.69513+00,Pikachu,Pokémon,Naoyo Kimura,[],01a0e6e5-e72b-7cd4-9a2c-fbedbec301cb,cards/01a0e3c1-bf60-706b-8689-89e1b875a525
01a0e3c1-c1d1-7ebd-8b17-18d96eeeead0,046,"{""stage"":""basic"",""regulationMark"":""J""}",2026-09-27 16:45:21.172543+00,2026-10-05 10:49:31.296784+00,Pikachu,Pokémon,svlt,[],01a0e6e5-e72b-7cd4-9a2c-fbedbec301cb,cards/01a0e3c1-c1d1-7ebd-8b17-18d96eeeead0
01a0e3c1-c42b-7544-8ed1-5901f3c082f7,047,"{""stage"":""basic"",""regulationMark"":""J""}",2026-09-27 16:45:21.765902+00,2026-10-05 10:49:31.877127+00,Pikachu,Pokémon,Atsuko Nishida,[],01a0e6e5-e72b-7cd4-9a2c-fbedbec301cb,cards/01a0e3c1-c42b-7544-8ed1-5901f3c082f7
01a0e3c1-c54b-7267-a573-4a4dbd44fd58,048,"{""stage"":""basic"",""regulationMark"":""J""}",2026-09-27 16:45:22.088951+00,2026-10-05 10:49:32.572954+00,Pikachu,Pokémon,KIYOTAKA OSHIYAMA,[],01a0e6e5-e72b-7cd4-9a2c-fbedbec301cb,cards/01a0e3c1-c54b-7267-a573-4a4dbd44fd58
01a0e3c1-c7d0-7756-882c-be0fe71598dc,049,"{""stage"":""basic"",""regulationMark"":""J""}",2026-09-27 16:45:22.708852+00,2026-10-05 10:49:33.306816+00,Pikachu,Pokémon,Nurikabe,[],01a0e6e5-e72b-7cd4-9a2c-fbedbec301cb,cards/01a0e3c1-c7d0-7756-882c-be0fe71598dc
01a0e3c1-c9cf-7bd3-9664-7189fc08eec2,050,"{""stage"":""basic"",""regulationMark"":""J""}",2026-09-27 16:45:23.220238+00,2026-10-05 10:49:33.929885+00,Pikachu,Pokémon,Shimaris Yukichi,[],01a0e6e5-e72b-7cd4-9a2c-fbedbec301cb,cards/01a0e3c1-c9cf-7bd3-9664-7189fc08eec2
01a0e3c1-cb86-7356-a666-a981c2f7ce05,051,"{""stage"":""basic"",""regulationMark"":""J""}",2026-09-27 16:45:23.639941+00,2026-10-05 10:49:34.550493+00,Pikachu,Pokémon,nagimiso,[],01a0e6e5-e72b-7cd4-9a2c-fbedbec301cb,cards/01a0e3c1-cb86-7356-a666-a981c2f7ce05
01a0e3c1-cd62-7b04-a2bc-8aef411a1fff,052,"{""stage"":""basic"",""regulationMark"":""J""}",2026-09-27 16:45:24.134937+00,2026-10-05 10:49:35.332376+00,Pikachu,Pokémon,Kazuki Minami,[],01a0e6e5-e72b-7cd4-9a2c-fbedbec301cb,cards/01a0e3c1-cd62-7b04-a2bc-8aef411a1fff
01a0e3c1-cf6f-75f2-ae4a-75a124c7a403,053,"{""stage"":""basic"",""regulationMark"":""J"",""specialMarkers"":[""ex""]}",2026-09-27 16:45:24.652589+00,2026-10-05 10:49:36.445367+00,Pikachu ex,Pokémon,5ban Graphics,[],01a0e6e6-025c-7cc3-a5e7-4eae26881d37,cards/01a0e3c1-cf6f-75f2-ae4a-75a124c7a403
01a0e3c1-d138-7f2c-a5ff-01bb2a9e6262,054,"{""stage"":""basic"",""regulationMark"":""J"",""specialMarkers"":[""ex""]}",2026-09-27 16:45:25.118014+00,2026-10-05 10:49:37.240571+00,Pikachu ex,Pokémon,takuyoa,[],01a0e6e6-025c-7cc3-a5e7-4eae26881d37,cards/01a0e3c1-d138-7f2c-a5ff-01bb2a9e6262
01a0e3c1-d414-74fd-81bb-0def475960d0,055,"{""stage"":""basic"",""regulationMark"":""J""}",2026-09-27 16:45:25.74692+00,2026-10-05 10:49:37.836212+00,Zapdos,Pokémon,HYOGONOSUKE,[],01a0e6e5-e72b-7cd4-9a2c-fbedbec301cb,cards/01a0e3c1-d414-74fd-81bb-0def475960d0
01a0e3c1-d521-7c89-8f5b-6526d10700ff,056,"{""stage"":""basic"",""regulationMark"":""J""}",2026-09-27 16:45:26.126195+00,2026-10-05 10:49:38.450713+00,Zekrom,Pokémon,akagi,[],01a0e6e5-e72b-7cd4-9a2c-fbedbec301cb,cards/01a0e3c1-d521-7c89-8f5b-6526d10700ff
01a0e3c1-d7d4-76a3-827e-a502d06c150d,057,"{""stage"":""basic"",""regulationMark"":""J""}",2026-09-27 16:45:26.80488+00,2026-10-05 10:49:39.088599+00,Zeraora,Pokémon,Bun Toujo,[],01a0e6e5-e72b-7cd4-9a2c-fbedbec301cb,cards/01a0e3c1-d7d4-76a3-827e-a502d06c150d
01a0e3c1-d8be-7eed-aeb1-9cce0f7a8088,058,"{""stage"":""basic"",""regulationMark"":""J""}",2026-09-27 16:45:27.06523+00,2026-10-05 10:49:39.753947+00,Toxel,Pokémon,Shimaris Yukichi,[],01a0e6e5-e72b-7cd4-9a2c-fbedbec301cb,cards/01a0e3c1-d8be-7eed-aeb1-9cce0f7a8088
01a0e3c1-db1c-7bd1-8d22-54b0f0857fd2,059,"{""stage"":""Stage 1"",""regulationMark"":""J""}",2026-09-27 16:45:27.642933+00,2026-10-05 10:49:40.350153+00,Toxtricity,Pokémon,Yuriko Akase,[],01a0e6e5-e72b-7cd4-9a2c-fbedbec301cb,cards/01a0e3c1-db1c-7bd1-8d22-54b0f0857fd2
01a0e3c1-dd6e-718c-ba5a-110a4c4e07d6,060,"{""stage"":""Stage 1"",""regulationMark"":""J""}",2026-09-27 16:45:28.215215+00,2026-10-05 10:49:40.940753+00,Toxtricity,Pokémon,Haru Akasaka,[],01a0e6e5-e72b-7cd4-9a2c-fbedbec301cb,cards/01a0e3c1-dd6e-718c-ba5a-110a4c4e07d6
01a0e3c1-deae-73a5-9fcc-445c94c607b7,061,"{""stage"":""basic"",""regulationMark"":""J""}",2026-09-27 16:45:28.586944+00,2026-10-05 10:49:41.47189+00,Morpeko,Pokémon,Naoki Saito,[],01a0e6e5-e72b-7cd4-9a2c-fbedbec301cb,cards/01a0e3c1-deae-73a5-9fcc-445c94c607b7
01a0e3c1-e0f1-7c68-8cd1-805fee0555bf,062,"{""stage"":""basic"",""regulationMark"":""J""}",2026-09-27 16:45:29.157225+00,2026-10-05 10:49:42.441841+00,Miraidon,Pokémon,Kazumasa Yasukuni,[],01a0e6e5-e72b-7cd4-9a2c-fbedbec301cb,cards/01a0e3c1-e0f1-7c68-8cd1-805fee0555bf
01a0e3c1-e2e1-7657-82ab-e1cd7e61653d,063,"{""stage"":""basic"",""regulationMark"":""J""}",2026-09-27 16:45:29.661519+00,2026-10-05 10:49:43.018127+00,Mewtwo,Pokémon,nagimiso,[],01a0e6e5-e72b-7cd4-9a2c-fbedbec301cb,cards/01a0e3c1-e2e1-7657-82ab-e1cd7e61653d
01a0e3c1-e4ba-7da1-95ad-b82cde8f1ba7,064,"{""stage"":""basic"",""regulationMark"":""J""}",2026-09-27 16:45:30.135986+00,2026-10-05 10:49:43.600107+00,Mewtwo,Pokémon,Nisota Niso,[],01a0e6e5-e72b-7cd4-9a2c-fbedbec301cb,cards/01a0e3c1-e4ba-7da1-95ad-b82cde8f1ba7
01a0e3c1-e6c9-7649-90d6-f8765fce1e28,065,"{""stage"":""basic"",""regulationMark"":""J"",""specialMarkers"":[""ex""]}",2026-09-27 16:45:30.599106+00,2026-10-05 10:49:44.224649+00,Mewtwo ex,Pokémon,5ban Graphics,[],01a0e6e6-025c-7cc3-a5e7-4eae26881d37,cards/01a0e3c1-e6c9-7649-90d6-f8765fce1e28
01a0e3c1-e86e-786a-888b-27ca1d4758d3,066,"{""stage"":""basic"",""regulationMark"":""J""}",2026-09-27 16:45:31.071065+00,2026-10-05 10:49:44.906656+00,Mew,Pokémon,danciao,[],01a0e6e5-e72b-7cd4-9a2c-fbedbec301cb,cards/01a0e3c1-e86e-786a-888b-27ca1d4758d3
01a0e3c1-eb05-7946-b3dd-d842c800993b,067,"{""stage"":""basic"",""regulationMark"":""J""}",2026-09-27 16:45:31.713025+00,2026-10-05 10:49:45.722809+00,Mew,Pokémon,Cona Nitanda,[],01a0e6e5-e72b-7cd4-9a2c-fbedbec301cb,cards/01a0e3c1-eb05-7946-b3dd-d842c800993b
01a0e3c1-ec5d-79f8-a469-57f42dc5bce0,068,"{""stage"":""basic"",""regulationMark"":""J"",""specialMarkers"":[""ex""]}",2026-09-27 16:45:32.066519+00,2026-10-05 10:49:46.335117+00,Mew ex,Pokémon,aky CG Works,[],01a0e6e6-025c-7cc3-a5e7-4eae26881d37,cards/01a0e3c1-ec5d-79f8-a469-57f42dc5bce0
01a0e3c1-ee99-7644-8ed2-0ca9634f7aa1,069,"{""stage"":""basic"",""regulationMark"":""J""}",2026-09-27 16:45:32.636955+00,2026-10-05 10:49:47.034983+00,Marill,Pokémon,Saya Tsuruta,[],01a0e6e5-e72b-7cd4-9a2c-fbedbec301cb,cards/01a0e3c1-ee99-7644-8ed2-0ca9634f7aa1
01a0e3c1-f10d-7df2-bb90-e0388a80e3b2,070,"{""stage"":""Stage 1"",""regulationMark"":""J""}",2026-09-27 16:45:33.255881+00,2026-10-05 10:49:47.583796+00,Azumarill,Pokémon,Kagemaru Himeno,[],01a0e6e5-e72b-7cd4-9a2c-fbedbec301cb,cards/01a0e3c1-f10d-7df2-bb90-e0388a80e3b2
01a0e3c1-f2e7-7a61-81fb-8ff536a07ed6,071,"{""stage"":""Stage 1"",""regulationMark"":""J""}",2026-09-27 16:45:33.73712+00,2026-10-05 10:49:48.161223+00,Espeon,Pokémon,aspara,[],01a0e6e5-e72b-7cd4-9a2c-fbedbec301cb,cards/01a0e3c1-f2e7-7a61-81fb-8ff536a07ed6
01a0e3c1-f538-76bb-ab5f-85a2719a59b2,072,"{""stage"":""Stage 1"",""regulationMark"":""J"",""specialMarkers"":[""ex""]}",2026-09-27 16:45:34.33043+00,2026-10-05 10:49:48.851384+00,Espeon ex,Pokémon,5ban Graphics,[],01a0e6e6-025c-7cc3-a5e7-4eae26881d37,cards/01a0e3c1-f538-76bb-ab5f-85a2719a59b2
01a0e3c1-f6fe-72a5-9c86-270c2ee03802,073,"{""stage"":""Stage 1"",""regulationMark"":""J"",""specialMarkers"":[""ex""]}",2026-09-27 16:45:34.785035+00,2026-10-05 10:49:49.468105+00,Sylveon ex,Pokémon,5ban Graphics,[],01a0e6e6-025c-7cc3-a5e7-4eae26881d37,cards/01a0e3c1-f6fe-72a5-9c86-270c2ee03802
01a0e3c1-f891-7d02-b368-eb653ce7256a,074,"{""stage"":""basic"",""regulationMark"":""J""}",2026-09-27 16:45:35.202368+00,2026-10-05 10:49:50.066427+00,Unown,Pokémon,mingo,[],01a0e6e5-e72b-7cd4-9a2c-fbedbec301cb,cards/01a0e3c1-f891-7d02-b368-eb653ce7256a
01a0e3c1-fac9-7389-9f47-bff92abe70e7,075,"{""stage"":""basic"",""regulationMark"":""J""}",2026-09-27 16:45:35.750789+00,2026-10-05 10:49:50.625451+00,Drifloon,Pokémon,Shinya Komatsu,[],01a0e6e5-e72b-7cd4-9a2c-fbedbec301cb,cards/01a0e3c1-fac9-7389-9f47-bff92abe70e7
01a0e3c1-fc36-799b-be74-4d4cd0f1953f,076,"{""stage"":""basic"",""regulationMark"":""J""}",2026-09-27 16:45:36.120666+00,2026-10-05 10:49:51.259962+00,Cresselia,Pokémon,KEIICHIRO ITO,[],01a0e6e5-e72b-7cd4-9a2c-fbedbec301cb,cards/01a0e3c1-fc36-799b-be74-4d4cd0f1953f
01a0e3c1-fe6e-780d-ad9c-f218f8178c78,077,"{""stage"":""Stage 2"",""regulationMark"":""J""}",2026-09-27 16:45:36.705747+00,2026-10-05 10:49:51.901879+00,Chandelure,Pokémon,Yoshioka,[],01a0e6e5-e72b-7cd4-9a2c-fbedbec301cb,cards/01a0e3c1-fe6e-780d-ad9c-f218f8178c78
01a0e3c2-0028-7274-9638-404b94aa1412,078,"{""stage"":""basic"",""regulationMark"":""J""}",2026-09-27 16:45:37.143256+00,2026-10-05 10:49:52.551324+00,Xerneas,Pokémon,kodama,[],01a0e6e5-e72b-7cd4-9a2c-fbedbec301cb,cards/01a0e3c2-0028-7274-9638-404b94aa1412
01a0e3c2-02a9-7511-84a5-a4b1387e53bb,079,"{""stage"":""basic"",""regulationMark"":""J""}",2026-09-27 16:45:37.764191+00,2026-10-05 10:49:53.119962+00,Comfey,Pokémon,sui,[],01a0e6e5-e72b-7cd4-9a2c-fbedbec301cb,cards/01a0e3c2-02a9-7511-84a5-a4b1387e53bb
01a0e3c2-0435-705e-8c9a-e840b2823f9d,080,"{""stage"":""basic"",""regulationMark"":""J""}",2026-09-27 16:45:38.167798+00,2026-10-05 10:49:53.677867+00,Cosmog,Pokémon,Mina Nakai,[],01a0e6e5-e72b-7cd4-9a2c-fbedbec301cb,cards/01a0e3c2-0435-705e-8c9a-e840b2823f9d
01a0e3c2-0654-7b2a-8ec4-9557c08c9fdc,081,"{""stage"":""Stage 1"",""regulationMark"":""J""}",2026-09-27 16:45:38.712117+00,2026-10-05 10:49:54.340786+00,Cosmoem,Pokémon,Masako Tomii,[],01a0e6e5-e72b-7cd4-9a2c-fbedbec301cb,cards/01a0e3c2-0654-7b2a-8ec4-9557c08c9fdc
01a0e3c2-084c-79f4-8126-a5b14dfc3c40,082,"{""stage"":""Stage 2"",""regulationMark"":""J""}",2026-09-27 16:45:39.186424+00,2026-10-05 10:49:54.892416+00,Lunala,Pokémon,Bun Toujo,[],01a0e6e5-e72b-7cd4-9a2c-fbedbec301cb,cards/01a0e3c2-084c-79f4-8126-a5b14dfc3c40
01a0e3c2-09c6-7e09-b73e-d47b12eb2f7a,083,"{""stage"":""basic"",""regulationMark"":""J""}",2026-09-27 16:45:39.594708+00,2026-10-05 10:49:55.395489+00,Gimmighoul,Pokémon,Fujimoto Gold,[],01a0e6e5-e72b-7cd4-9a2c-fbedbec301cb,cards/01a0e3c2-09c6-7e09-b73e-d47b12eb2f7a
01a0e3c2-0c5e-7056-bf3c-dbd3a0b92084,084,"{""stage"":""basic"",""regulationMark"":""J""}",2026-09-27 16:45:40.237874+00,2026-10-05 10:49:56.014287+00,Groudon,Pokémon,Takumi Wada,[],01a0e6e5-e72b-7cd4-9a2c-fbedbec301cb,cards/01a0e3c2-0c5e-7056-bf3c-dbd3a0b92084
01a0e3c2-0efc-7445-aca1-ae825ea79274,085,"{""stage"":""Stage 1"",""regulationMark"":""J""}",2026-09-27 16:45:40.925798+00,2026-10-05 10:49:56.661108+00,Lucario,Pokémon,Hideki Ishikawa,[],01a0e6e5-e72b-7cd4-9a2c-fbedbec301cb,cards/01a0e3c2-0efc-7445-aca1-ae825ea79274
01a0e3c2-0fcc-7bb8-b34a-002d2d7bf7c8,086,"{""stage"":""Stage 2"",""regulationMark"":""J""}",2026-09-27 16:45:41.145691+00,2026-10-05 10:49:57.206411+00,Seismitoad,Pokémon,Kurata So,[],01a0e6e5-e72b-7cd4-9a2c-fbedbec301cb,cards/01a0e3c2-0fcc-7bb8-b34a-002d2d7bf7c8
01a0e3c2-11af-7c0f-9624-5bf5c9d7f5eb,087,"{""stage"":""Stage 1"",""regulationMark"":""J""}",2026-09-27 16:45:41.643862+00,2026-10-05 10:49:57.847086+00,Lycanroc,Pokémon,matazo,[],01a0e6e5-e72b-7cd4-9a2c-fbedbec301cb,cards/01a0e3c2-11af-7c0f-9624-5bf5c9d7f5eb
01a0e3c2-1490-7b89-b403-b0d16bf6549f,088,"{""stage"":""basic"",""regulationMark"":""J""}",2026-09-27 16:45:42.350283+00,2026-10-05 10:49:58.491936+00,Koraidon,Pokémon,Mitsuhiro Arita,[],01a0e6e5-e72b-7cd4-9a2c-fbedbec301cb,cards/01a0e3c2-1490-7b89-b403-b0d16bf6549f
01a0e3c2-155d-7799-9cd9-5497c23f138f,089,"{""stage"":""basic"",""regulationMark"":""J""}",2026-09-27 16:45:42.585936+00,2026-10-05 10:49:59.053825+00,Nidoran♀,Pokémon,Taira Akitsu,[],01a0e6e5-e72b-7cd4-9a2c-fbedbec301cb,cards/01a0e3c2-155d-7799-9cd9-5497c23f138f
01a0e3c2-17ca-79bf-ae0a-8668cc71d6c5,090,"{""stage"":""Stage 1"",""regulationMark"":""J""}",2026-09-27 16:45:43.181578+00,2026-10-05 10:49:59.619531+00,Nidorina,Pokémon,Miki Tanaka,[],01a0e6e5-e72b-7cd4-9a2c-fbedbec301cb,cards/01a0e3c2-17ca-79bf-ae0a-8668cc71d6c5
01a0e3c2-19e0-73be-9c22-715f7b8fe435,091,"{""stage"":""basic"",""regulationMark"":""J""}",2026-09-27 16:45:43.705435+00,2026-10-05 10:50:00.365486+00,Alolan Meowth,Pokémon,Natsumi Yoshida,[],01a0e6e5-e72b-7cd4-9a2c-fbedbec301cb,cards/01a0e3c2-19e0-73be-9c22-715f7b8fe435
01a0e3c2-1c7c-77f7-9d0f-44883de21188,092,"{""stage"":""Stage 2"",""regulationMark"":""J"",""specialMarkers"":[""ex""]}",2026-09-27 16:45:44.378892+00,2026-10-05 10:50:01.059453+00,Gengar ex,Pokémon,5ban Graphics,[],01a0e6e6-025c-7cc3-a5e7-4eae26881d37,cards/01a0e3c2-1c7c-77f7-9d0f-44883de21188
01a0e3c2-1d54-7343-8ba2-3a636a3c8f61,093,"{""stage"":""Stage 1"",""regulationMark"":""J""}",2026-09-27 16:45:44.618657+00,2026-10-05 10:50:01.67113+00,Umbreon,Pokémon,Iori Suzuki,[],01a0e6e5-e72b-7cd4-9a2c-fbedbec301cb,cards/01a0e3c2-1d54-7343-8ba2-3a636a3c8f61
01a0e3c2-203c-708b-91ca-ec7cf339a415,094,"{""stage"":""Stage 1"",""regulationMark"":""J"",""specialMarkers"":[""ex""]}",2026-09-27 16:45:45.336094+00,2026-10-05 10:50:02.252207+00,Umbreon ex,Pokémon,Keisuke Azuma,[],01a0e6e6-025c-7cc3-a5e7-4eae26881d37,cards/01a0e3c2-203c-708b-91ca-ec7cf339a415
01a0e3c2-21d2-7989-b583-ce71448697ee,095,"{""stage"":""basic"",""regulationMark"":""J""}",2026-09-27 16:45:45.738774+00,2026-10-05 10:50:02.833324+00,Murkrow,Pokémon,Kouki Saitou,[],01a0e6e5-e72b-7cd4-9a2c-fbedbec301cb,cards/01a0e3c2-21d2-7989-b583-ce71448697ee
01a0e3c2-2354-71cc-8c47-a1ed31fb0169,096,"{""stage"":""basic"",""regulationMark"":""J""}",2026-09-27 16:45:46.135328+00,2026-10-05 10:50:03.480178+00,Scraggy,Pokémon,Souichirou Gunjima,[],01a0e6e5-e72b-7cd4-9a2c-fbedbec301cb,cards/01a0e3c2-2354-71cc-8c47-a1ed31fb0169
01a0e3c2-2560-7aab-970d-00ce7d371d7e,097,"{""stage"":""basic"",""regulationMark"":""J""}",2026-09-27 16:45:46.658778+00,2026-10-05 10:50:03.992659+00,Zorua,Pokémon,Atsuya Uki,[],01a0e6e5-e72b-7cd4-9a2c-fbedbec301cb,cards/01a0e3c2-2560-7aab-970d-00ce7d371d7e
01a0e3c2-2765-7dd5-97f9-5746e5126311,098,"{""stage"":""Stage 1"",""regulationMark"":""J""}",2026-09-27 16:45:47.176875+00,2026-10-05 10:50:04.644935+00,Zoroark,Pokémon,Shiburingaru,[],01a0e6e5-e72b-7cd4-9a2c-fbedbec301cb,cards/01a0e3c2-2765-7dd5-97f9-5746e5126311
01a0e3c2-2978-7869-b230-e920b296066c,099,"{""stage"":""basic"",""regulationMark"":""J""}",2026-09-27 16:45:47.686184+00,2026-10-05 10:50:05.261699+00,Deino,Pokémon,Gapao,[],01a0e6e5-e72b-7cd4-9a2c-fbedbec301cb,cards/01a0e3c2-2978-7869-b230-e920b296066c
01a0e3c2-2b6d-710b-b87a-6efdbea243ae,100,"{""stage"":""Stage 1"",""regulationMark"":""J""}",2026-09-27 16:45:48.207817+00,2026-10-05 10:50:05.84439+00,Zweilous,Pokémon,IKEDA Saki,[],01a0e6e5-e72b-7cd4-9a2c-fbedbec301cb,cards/01a0e3c2-2b6d-710b-b87a-6efdbea243ae
01a0e3c2-2d39-7aac-9460-b44106ee5730,101,"{""stage"":""Stage 2"",""regulationMark"":""J""}",2026-09-27 16:45:48.613813+00,2026-10-05 10:50:06.52807+00,Hydreigon,Pokémon,Ryuta Fuse,[],01a0e6e5-e72b-7cd4-9a2c-fbedbec301cb,cards/01a0e3c2-2d39-7aac-9460-b44106ee5730
01a0e3c2-2f62-71a2-b84b-f6a4fb58cace,102,"{""stage"":""basic"",""regulationMark"":""J""}",2026-09-27 16:45:49.236278+00,2026-10-05 10:50:07.194579+00,Yveltal,Pokémon,hncl,[],01a0e6e5-e72b-7cd4-9a2c-fbedbec301cb,cards/01a0e3c2-2f62-71a2-b84b-f6a4fb58cace
01a0e3c2-3225-7c22-a95a-6e1436a7cdfd,103,"{""stage"":""basic"",""regulationMark"":""J""}",2026-09-27 16:45:49.924621+00,2026-10-05 10:50:07.896103+00,Galarian Meowth,Pokémon,Mékayu,[],01a0e6e5-e72b-7cd4-9a2c-fbedbec301cb,cards/01a0e3c2-3225-7c22-a95a-6e1436a7cdfd
01a0e3c2-32f8-7f05-b000-064621e4eebc,104,"{""stage"":""basic"",""regulationMark"":""J"",""specialMarkers"":[""ex""]}",2026-09-27 16:45:50.163337+00,2026-10-05 10:50:08.444309+00,Jirachi ex,Pokémon,5ban Graphics,[],01a0e6e6-025c-7cc3-a5e7-4eae26881d37,cards/01a0e3c2-32f8-7f05-b000-064621e4eebc
01a0e3c2-34e7-78c4-9b8f-a802bc8efe7a,105,"{""stage"":""basic"",""regulationMark"":""J""}",2026-09-27 16:45:50.657333+00,2026-10-05 10:50:09.096529+00,Dialga,Pokémon,toriyufu,[],01a0e6e5-e72b-7cd4-9a2c-fbedbec301cb,cards/01a0e3c2-34e7-78c4-9b8f-a802bc8efe7a
01a0e3c2-3766-7549-a0cc-a91990eda0bb,106,"{""stage"":""Stage 1"",""regulationMark"":""J""}",2026-09-27 16:45:51.268624+00,2026-10-05 10:50:09.784577+00,Ferrothorn,Pokémon,Po-Suzuki,[],01a0e6e5-e72b-7cd4-9a2c-fbedbec301cb,cards/01a0e3c2-3766-7549-a0cc-a91990eda0bb
01a0e3c2-3907-7469-83b0-98515a567017,107,"{""stage"":""Stage 2"",""regulationMark"":""J""}",2026-09-27 16:45:51.688413+00,2026-10-05 10:50:10.624944+00,Solgaleo,Pokémon,Nurikabe,[],01a0e6e5-e72b-7cd4-9a2c-fbedbec301cb,cards/01a0e3c2-3907-7469-83b0-98515a567017
01a0e3c2-3aa8-7029-a458-4ff796671354,108,"{""stage"":""basic"",""regulationMark"":""J""}",2026-09-27 16:45:52.106013+00,2026-10-05 10:50:11.656224+00,Zacian,Pokémon,AKIRA EGAWA,[],01a0e6e5-e72b-7cd4-9a2c-fbedbec301cb,cards/01a0e3c2-3aa8-7029-a458-4ff796671354
01a0e3c2-3cfa-7e74-916a-126a4a57cb2e,109,"{""stage"":""basic"",""regulationMark"":""J""}",2026-09-27 16:45:52.70031+00,2026-10-05 10:50:12.450891+00,Zamazenta,Pokémon,Tsuyoshi Nagano,[],01a0e6e5-e72b-7cd4-9a2c-fbedbec301cb,cards/01a0e3c2-3cfa-7e74-916a-126a4a57cb2e
01a0e3c2-3e96-7e43-acf2-bf4f5f1ec1fd,110,"{""stage"":""Stage 1"",""regulationMark"":""J""}",2026-09-27 16:45:53.11327+00,2026-10-05 10:50:13.111576+00,Gholdengo,Pokémon,Sanosuke Sakuma,[],01a0e6e5-e72b-7cd4-9a2c-fbedbec301cb,cards/01a0e3c2-3e96-7e43-acf2-bf4f5f1ec1fd
01a0e3c2-4094-7c28-b799-778e389336b8,111,"{""stage"":""Stage 2"",""regulationMark"":""J"",""specialMarkers"":[""ex""]}",2026-09-27 16:45:53.623099+00,2026-10-05 10:50:13.8809+00,Salamence ex,Pokémon,5ban Graphics,[],01a0e6e6-025c-7cc3-a5e7-4eae26881d37,cards/01a0e3c2-4094-7c28-b799-778e389336b8
01a0e3c2-42fd-757a-9dc7-d27611767280,112,"{""stage"":""basic"",""regulationMark"":""J""}",2026-09-27 16:45:54.235809+00,2026-10-05 10:50:14.652198+00,Jangmo-o,Pokémon,miki kudo,[],01a0e6e5-e72b-7cd4-9a2c-fbedbec301cb,cards/01a0e3c2-42fd-757a-9dc7-d27611767280
01a0e3c2-4506-77ce-a28f-4c2b3a74af62,113,"{""stage"":""Stage 1"",""regulationMark"":""J""}",2026-09-27 16:45:54.756555+00,2026-10-05 10:50:15.34956+00,Hakamo-o,Pokémon,Jiro Sasumo,[],01a0e6e5-e72b-7cd4-9a2c-fbedbec301cb,cards/01a0e3c2-4506-77ce-a28f-4c2b3a74af62
01a0e3c2-46ad-76a9-82ce-8f02424b1854,114,"{""stage"":""Stage 2"",""regulationMark"":""J""}",2026-09-27 16:45:55.179089+00,2026-10-05 10:50:16.007561+00,Kommo-o,Pokémon,MARINA Chikazawa,[],01a0e6e5-e72b-7cd4-9a2c-fbedbec301cb,cards/01a0e3c2-46ad-76a9-82ce-8f02424b1854
01a0e3c2-4882-7113-a885-7bafb7222551,115,"{""stage"":""basic"",""regulationMark"":""J""}",2026-09-27 16:45:55.652093+00,2026-10-05 10:50:16.698403+00,Meowth,Pokémon,MINAMINAMI Take,[],01a0e6e5-e72b-7cd4-9a2c-fbedbec301cb,cards/01a0e3c2-4882-7113-a885-7bafb7222551
01a0e3c2-4a5a-7490-a591-9040319b1bf7,116,"{""stage"":""basic"",""regulationMark"":""J""}",2026-09-27 16:45:56.102905+00,2026-10-05 10:50:17.462286+00,Kangaskhan,Pokémon,Pani Kobayashi,[],01a0e6e5-e72b-7cd4-9a2c-fbedbec301cb,cards/01a0e3c2-4a5a-7490-a591-9040319b1bf7
01a0e3c2-4d12-7b47-9a34-6d586bf4f9d3,117,"{""stage"":""basic"",""regulationMark"":""J""}",2026-09-27 16:45:56.817762+00,2026-10-05 10:50:18.099343+00,Ditto,Pokémon,Toshinao Aoki,[],01a0e6e5-e72b-7cd4-9a2c-fbedbec301cb,cards/01a0e3c2-4d12-7b47-9a34-6d586bf4f9d3
01a0e3c2-4eb0-7b92-ad71-ccc56845818c,118,"{""stage"":""basic"",""regulationMark"":""J""}",2026-09-27 16:45:57.234185+00,2026-10-05 10:50:18.844423+00,Eevee,Pokémon,Wintr Wandr,[],01a0e6e5-e72b-7cd4-9a2c-fbedbec301cb,cards/01a0e3c2-4eb0-7b92-ad71-ccc56845818c
01a0e3c2-518f-7004-925e-9d0810f89c70,119,"{""stage"":""basic"",""regulationMark"":""J""}",2026-09-27 16:45:57.968025+00,2026-10-05 10:50:19.488448+00,Eevee,Pokémon,En Morikura,[],01a0e6e5-e72b-7cd4-9a2c-fbedbec301cb,cards/01a0e3c2-518f-7004-925e-9d0810f89c70
01a0e3c2-5229-79ab-b89f-4df4364d1512,120,"{""stage"":""basic"",""regulationMark"":""J""}",2026-09-27 16:45:58.14836+00,2026-10-05 10:50:20.190004+00,Eevee,Pokémon,Hitoshi Ariga,[],01a0e6e5-e72b-7cd4-9a2c-fbedbec301cb,cards/01a0e3c2-5229-79ab-b89f-4df4364d1512
01a0e3c2-5423-7ae6-8933-51195ef689f9,121,"{""stage"":""basic"",""regulationMark"":""J""}",2026-09-27 16:45:58.653142+00,2026-10-05 10:50:20.900755+00,Snorlax,Pokémon,Aya Kusube,[],01a0e6e5-e72b-7cd4-9a2c-fbedbec301cb,cards/01a0e3c2-5423-7ae6-8933-51195ef689f9
01a0e3c2-5630-78e7-9abb-e8f913b66add,122,"{""stage"":""basic"",""regulationMark"":""J""}",2026-09-27 16:45:59.177136+00,2026-10-05 10:50:21.536109+00,Igglybuff,Pokémon,Kanami Ogata,[],01a0e6e5-e72b-7cd4-9a2c-fbedbec301cb,cards/01a0e3c2-5630-78e7-9abb-e8f913b66add
01a0e3c2-5815-73d7-be98-292e62b48351,123,"{""stage"":""basic"",""regulationMark"":""J""}",2026-09-27 16:45:59.663407+00,2026-10-05 10:50:22.351017+00,Lugia,Pokémon,Kazuki Minami,[],01a0e6e5-e72b-7cd4-9a2c-fbedbec301cb,cards/01a0e3c2-5815-73d7-be98-292e62b48351
01a0e3c2-5a14-7428-bbfc-fdd7d9dbaaa2,124,"{""stage"":""basic"",""regulationMark"":""J""}",2026-09-27 16:46:00.17373+00,2026-10-05 10:50:22.971543+00,Hisuian Zorua,Pokémon,Megumi Mizutani,[],01a0e6e5-e72b-7cd4-9a2c-fbedbec301cb,cards/01a0e3c2-5a14-7428-bbfc-fdd7d9dbaaa2
01a0e3c2-5c6d-7b18-976a-2e1b75930a73,125,"{""stage"":""Stage 1"",""regulationMark"":""J""}",2026-09-27 16:46:00.72125+00,2026-10-05 10:50:23.701052+00,Hisuian Zoroark,Pokémon,Kamome Shirahama,[],01a0e6e5-e72b-7cd4-9a2c-fbedbec301cb,cards/01a0e3c2-5c6d-7b18-976a-2e1b75930a73
01a0e3c2-5e1d-75a2-a62b-5840bd093f30,126,"{""stage"":""basic"",""regulationMark"":""J""}",2026-09-27 16:46:01.201208+00,2026-10-05 10:50:24.401626+00,Minior,Pokémon,ryoma uratsuka,[],01a0e6e5-e72b-7cd4-9a2c-fbedbec301cb,cards/01a0e3c2-5e1d-75a2-a62b-5840bd093f30
01a0e3c2-5fb4-773e-89ad-73ea55053d17,127,"{""stage"":""Stage 1"",""regulationMark"":""J""}",2026-09-27 16:46:01.610825+00,2026-10-05 10:50:25.131962+00,Maushold,Pokémon,Kariya,[],01a0e6e5-e72b-7cd4-9a2c-fbedbec301cb,cards/01a0e3c2-5fb4-773e-89ad-73ea55053d17
01a0e3c2-6219-7590-bff1-357c434837f9,128,"{""regulationMark"":""I""}",2026-09-27 16:46:02.226629+00,2026-10-05 10:50:25.775005+00,Bola Ultra,Trainer,Yuka Morii,"[""Item""]",01a0e6e5-e72b-7cd4-9a2c-fbedbec301cb,cards/01a0e3c2-6219-7590-bff1-357c434837f9
01a0e3c2-63e1-796c-8ffc-03c8f7080bf2,129,"{""regulationMark"":""J""}",2026-09-27 16:46:02.673372+00,2026-10-05 10:50:26.372185+00,PokéPad,Trainer,Yuka Morii,"[""Item""]",01a0e6e5-e72b-7cd4-9a2c-fbedbec301cb,cards/01a0e3c2-63e1-796c-8ffc-03c8f7080bf2
01a0e3c2-662f-76f4-ac10-346e04e11cdc,130,"{""regulationMark"":""I""}",2026-09-27 16:46:03.247193+00,2026-10-05 10:50:27.06832+00,Tukar Pokémon,Trainer,Yuka Morii,"[""Item""]",01a0e6e5-e72b-7cd4-9a2c-fbedbec301cb,cards/01a0e3c2-662f-76f4-ac10-346e04e11cdc
01a0e3c2-67df-7b1c-80ee-ddd5c83db17d,131,"{""stage"":""Stage 1"",""regulationMark"":""J""}",2026-09-27 16:46:03.675825+00,2026-10-05 10:50:27.830666+00,Alolan Exeggutor,Pokémon,AYUMI ODASHIMA,[],01a0e6e6-e5bf-736e-9995-5db9c67a335b,cards/01a0e3c2-67df-7b1c-80ee-ddd5c83db17d
01a0e3c2-69c5-78ff-8435-5adb0e7d2279,132,"{""stage"":""basic"",""regulationMark"":""J""}",2026-09-27 16:46:04.166425+00,2026-10-05 10:50:28.624629+00,Moltres,Pokémon,mashu,[],01a0e6e6-e5bf-736e-9995-5db9c67a335b,cards/01a0e3c2-69c5-78ff-8435-5adb0e7d2279
01a0e3c2-6b4f-7c74-8811-1b331498f9a6,133,"{""stage"":""basic"",""regulationMark"":""J""}",2026-09-27 16:46:04.559672+00,2026-10-05 10:50:29.343105+00,Victini,Pokémon,satoma,[],01a0e6e6-e5bf-736e-9995-5db9c67a335b,cards/01a0e3c2-6b4f-7c74-8811-1b331498f9a6
01a0e3c2-6dcc-7dcc-9497-9762e03857ca,134,"{""stage"":""basic"",""regulationMark"":""J""}",2026-09-27 16:46:05.195987+00,2026-10-05 10:50:30.168133+00,Lapras,Pokémon,Amelicart,[],01a0e6e6-e5bf-736e-9995-5db9c67a335b,cards/01a0e3c2-6dcc-7dcc-9497-9762e03857ca
01a0e3c2-6f63-7d3a-b04d-ace6459d3530,135,"{""stage"":""basic"",""regulationMark"":""J""}",2026-09-27 16:46:05.603673+00,2026-10-05 10:50:30.979806+00,Articuno,Pokémon,mashu,[],01a0e6e6-e5bf-736e-9995-5db9c67a335b,cards/01a0e3c2-6f63-7d3a-b04d-ace6459d3530
01a0e3c2-7168-734d-9f58-c3d34aaa6c39,136,"{""stage"":""basic"",""regulationMark"":""J""}",2026-09-27 16:46:06.114375+00,2026-10-05 10:50:31.734884+00,Zapdos,Pokémon,mashu,[],01a0e6e6-e5bf-736e-9995-5db9c67a335b,cards/01a0e3c2-7168-734d-9f58-c3d34aaa6c39
01a0e3c2-73e1-7279-8df6-7803016526bf,137,"{""stage"":""basic"",""regulationMark"":""J""}",2026-09-27 16:46:06.750113+00,2026-10-05 10:50:32.609868+00,Zeraora,Pokémon,HACCAN,[],01a0e6e6-e5bf-736e-9995-5db9c67a335b,cards/01a0e3c2-73e1-7279-8df6-7803016526bf
01a0e3c2-75cb-766d-a7a6-7f42762b3a67,138,"{""stage"":""Stage 1"",""regulationMark"":""J""}",2026-09-27 16:46:07.241548+00,2026-10-05 10:50:33.45295+00,Toxtricity,Pokémon,Kazumasa Yasukuni,[],01a0e6e6-e5bf-736e-9995-5db9c67a335b,cards/01a0e3c2-75cb-766d-a7a6-7f42762b3a67
01a0e3c2-7766-7e09-acfa-7e514db39a39,139,"{""stage"":""basic"",""regulationMark"":""J""}",2026-09-27 16:46:07.65262+00,2026-10-05 10:50:34.154237+00,Morpeko,Pokémon,Yoshimi Miyoshi,[],01a0e6e6-e5bf-736e-9995-5db9c67a335b,cards/01a0e3c2-7766-7e09-acfa-7e514db39a39
01a0e3c2-7951-798b-9274-ac434f8eb363,140,"{""stage"":""basic"",""regulationMark"":""J""}",2026-09-27 16:46:08.170308+00,2026-10-05 10:50:35.125046+00,Drifloon,Pokémon,Whisker,[],01a0e6e6-e5bf-736e-9995-5db9c67a335b,cards/01a0e3c2-7951-798b-9274-ac434f8eb363
01a0e3c2-7be8-76f7-873e-72e8258e31ba,141,"{""stage"":""Stage 2"",""regulationMark"":""J""}",2026-09-27 16:46:08.803558+00,2026-10-05 10:50:36.165281+00,Chandelure,Pokémon,YASHIRO Nanaco,[],01a0e6e6-e5bf-736e-9995-5db9c67a335b,cards/01a0e3c2-7be8-76f7-873e-72e8258e31ba
01a0e3c2-7dce-7c0a-8cd5-0b0dfab69cce,142,"{""stage"":""Stage 1"",""regulationMark"":""J""}",2026-09-27 16:46:09.29357+00,2026-10-05 10:50:37.016695+00,Lycanroc,Pokémon,Raita Kazama,[],01a0e6e6-e5bf-736e-9995-5db9c67a335b,cards/01a0e3c2-7dce-7c0a-8cd5-0b0dfab69cce
01a0e3c2-7ecd-7ffc-8d96-fe6653ba436c,143,"{""stage"":""Stage 1"",""regulationMark"":""J""}",2026-09-27 16:46:09.571881+00,2026-10-05 10:50:37.766138+00,Nidorina,Pokémon,Taiga Kasai,[],01a0e6e6-e5bf-736e-9995-5db9c67a335b,cards/01a0e3c2-7ecd-7ffc-8d96-fe6653ba436c
01a0e3c2-80e1-7dd5-a79f-da92c574edcb,144,"{""stage"":""basic"",""regulationMark"":""J""}",2026-09-27 16:46:10.106922+00,2026-10-05 10:50:38.378362+00,Alolan Meowth,Pokémon,OKUBO,[],01a0e6e6-e5bf-736e-9995-5db9c67a335b,cards/01a0e3c2-80e1-7dd5-a79f-da92c574edcb
01a0e3c2-836c-7dfb-b3ee-129fa3cb0c82,145,"{""stage"":""basic"",""regulationMark"":""J""}",2026-09-27 16:46:10.72502+00,2026-10-05 10:50:39.53805+00,Scraggy,Pokémon,GOSSAN,[],01a0e6e6-e5bf-736e-9995-5db9c67a335b,cards/01a0e3c2-836c-7dfb-b3ee-129fa3cb0c82
01a0e3c2-84ca-7d32-b30a-5bca0f64e421,146,"{""stage"":""basic"",""regulationMark"":""J""}",2026-09-27 16:46:11.083598+00,2026-10-05 10:50:40.235458+00,Galarian Meowth,Pokémon,OKUBO,[],01a0e6e6-e5bf-736e-9995-5db9c67a335b,cards/01a0e3c2-84ca-7d32-b30a-5bca0f64e421
01a0e3c2-876b-7b86-8a39-07e82c8ead99,147,"{""stage"":""Stage 1"",""regulationMark"":""J""}",2026-09-27 16:46:11.748844+00,2026-10-05 10:50:41.055836+00,Gholdengo,Pokémon,toriyufu,[],01a0e6e6-e5bf-736e-9995-5db9c67a335b,cards/01a0e3c2-876b-7b86-8a39-07e82c8ead99
01a0e3c2-8977-711f-8a2c-47be08d7c61c,149,"{""stage"":""basic"",""regulationMark"":""J""}",2026-09-27 16:46:12.273732+00,2026-10-05 10:50:41.700255+00,Meowth,Pokémon,OKUBO,[],01a0e6e6-e5bf-736e-9995-5db9c67a335b,cards/01a0e3c2-8977-711f-8a2c-47be08d7c61c
01a0e3c2-8a7c-7b2e-ac8a-d22d7678f593,150,"{""stage"":""basic"",""regulationMark"":""J""}",2026-09-27 16:46:12.563246+00,2026-10-05 10:50:42.551459+00,Ditto,Pokémon,Ounishi,[],01a0e6e6-e5bf-736e-9995-5db9c67a335b,cards/01a0e3c2-8a7c-7b2e-ac8a-d22d7678f593
01a0e3c2-8cc8-7f61-8ec4-350e2825cab9,151,"{""stage"":""basic"",""regulationMark"":""J""}",2026-09-27 16:46:13.12788+00,2026-10-05 10:50:43.434974+00,Hisuian Zorua,Pokémon,0313,[],01a0e6e6-e5bf-736e-9995-5db9c67a335b,cards/01a0e3c2-8cc8-7f61-8ec4-350e2825cab9
01a0e3c2-8fdf-762b-9c96-0688516c71dd,152,"{""stage"":""Stage 1"",""regulationMark"":""J""}",2026-09-27 16:46:13.905021+00,2026-10-05 10:50:44.139028+00,Maushold,Pokémon,osare,[],01a0e6e6-e5bf-736e-9995-5db9c67a335b,cards/01a0e3c2-8fdf-762b-9c96-0688516c71dd
01a0e3c2-9163-751e-b53a-424a960136d7,153,"{""stage"":""basic"",""regulationMark"":""J"",""specialMarkers"":[""ex""]}",2026-09-27 16:46:14.305805+00,2026-10-05 10:50:45.447811+00,Fuecoco ex,Pokémon,Atsushi Furusawa,[],01a0e6e7-0da7-7630-806e-4518193b5b2c,cards/01a0e3c2-9163-751e-b53a-424a960136d7
01a0e3c2-92ff-7b94-bc7b-db6f0d306efd,154,"{""stage"":""Stage 2"",""regulationMark"":""J"",""specialMarkers"":[""ex""]}",2026-09-27 16:46:14.715952+00,2026-10-05 10:50:46.395048+00,Greninja ex,Pokémon,GIDORA,[],01a0e6e7-0da7-7630-806e-4518193b5b2c,cards/01a0e3c2-92ff-7b94-bc7b-db6f0d306efd
01a0e3c2-9492-7f23-9afb-e75eabb5c1fc,155,"{""stage"":""basic"",""regulationMark"":""J"",""specialMarkers"":[""ex""]}",2026-09-27 16:46:15.123158+00,2026-10-05 10:50:47.322075+00,Pikachu ex,Pokémon,kantaro,[],01a0e6e7-0da7-7630-806e-4518193b5b2c,cards/01a0e3c2-9492-7f23-9afb-e75eabb5c1fc
01a0e3c2-9716-7986-8d2d-cddd3147fca2,156,"{""stage"":""basic"",""regulationMark"":""J"",""specialMarkers"":[""ex""]}",2026-09-27 16:46:15.766284+00,2026-10-05 10:50:48.257582+00,Pikachu ex,Pokémon,kantaro,[],01a0e6e7-0da7-7630-806e-4518193b5b2c,cards/01a0e3c2-9716-7986-8d2d-cddd3147fca2
01a0e3c2-9905-7e6f-88a8-f4288428ce38,159,"{""stage"":""Stage 1"",""regulationMark"":""J"",""specialMarkers"":[""ex""]}",2026-09-27 16:46:16.260803+00,2026-10-05 10:50:49.300925+00,Espeon ex,Pokémon,REND,[],01a0e6e7-0da7-7630-806e-4518193b5b2c,cards/01a0e3c2-9905-7e6f-88a8-f4288428ce38
01a0e3c2-9a95-74d4-bfa8-e879e9bd6ac5,160,"{""stage"":""Stage 1"",""regulationMark"":""J"",""specialMarkers"":[""ex""]}",2026-09-27 16:46:16.661613+00,2026-10-05 10:50:50.371433+00,Sylveon ex,Pokémon,You Iribi,[],01a0e6e7-0da7-7630-806e-4518193b5b2c,cards/01a0e3c2-9a95-74d4-bfa8-e879e9bd6ac5
01a0e3c2-9cc8-706a-89e6-8e297f95b5bb,162,"{""stage"":""Stage 1"",""regulationMark"":""J"",""specialMarkers"":[""ex""]}",2026-09-27 16:46:17.222654+00,2026-10-05 10:50:51.46677+00,Umbreon ex,Pokémon,REND,[],01a0e6e7-0da7-7630-806e-4518193b5b2c,cards/01a0e3c2-9cc8-706a-89e6-8e297f95b5bb
01a0e3c2-9e37-7a5c-9a5c-5d18e124a8a6,163,"{""stage"":""basic"",""regulationMark"":""J"",""specialMarkers"":[""ex""]}",2026-09-27 16:46:17.583665+00,2026-10-05 10:50:52.644214+00,Jirachi ex,Pokémon,AKIRA EGAWA,[],01a0e6e7-0da7-7630-806e-4518193b5b2c,cards/01a0e3c2-9e37-7a5c-9a5c-5d18e124a8a6
01a0e3c2-a160-70f4-a885-7e9972b28e5a,164,"{""stage"":""Stage 2"",""regulationMark"":""J"",""specialMarkers"":[""ex""]}",2026-09-27 16:46:18.398706+00,2026-10-05 10:50:54.019948+00,Salamence ex,Pokémon,Ryota Murayama,[],01a0e6e7-0da7-7630-806e-4518193b5b2c,cards/01a0e3c2-a160-70f4-a885-7e9972b28e5a
01a0e3c2-a244-7557-b334-baf2746bed26,165,"{""stage"":""basic"",""regulationMark"":""J"",""specialMarkers"":[""ex""]}",2026-09-27 16:46:18.647338+00,2026-10-05 10:50:55.65145+00,Mewtwo ex,Pokémon,YOSHIROTTEN,[],01a0e6e7-1fb4-7dd2-8d7c-9fd677610139,cards/01a0e3c2-a244-7557-b334-baf2746bed26
01a0e3c2-a4a0-7b8c-831c-c5272f6a7abf,166,"{""stage"":""basic"",""regulationMark"":""J"",""specialMarkers"":[""ex""]}",2026-09-27 16:46:19.22727+00,2026-10-05 10:50:56.917258+00,Mew ex,Pokémon,YOSHIROTTEN,[],01a0e6e7-1fb4-7dd2-8d7c-9fd677610139,cards/01a0e3c2-a4a0-7b8c-831c-c5272f6a7abf
01a0e3c2-a668-77a2-b483-ff91528f3e1c,DAR,"{""regulationMark"":""J""}",2026-09-27 16:46:19.687429+00,2026-10-05 10:50:57.61148+00,Energi Dasar {Kegelapan},Energi,YOSHIROTTEN,"[""Energi Dasar""]",01a0e6e5-e72b-7cd4-9a2c-fbedbec301cb,cards/01a0e3c2-a668-77a2-b483-ff91528f3e1c
01a0e3c2-a833-779c-a8c1-28a9c4895c77,FIG,"{""regulationMark"":""J""}",2026-09-27 16:46:20.1447+00,2026-10-05 10:50:58.224133+00,Energi Dasar {Petarung},Energi,YOSHIROTTEN,"[""Energi Dasar""]",01a0e6e5-e72b-7cd4-9a2c-fbedbec301cb,cards/01a0e3c2-a833-779c-a8c1-28a9c4895c77
01a0e3c2-aab1-7d59-a7c0-95249527ce1b,FIR,"{""regulationMark"":""J""}",2026-09-27 16:46:20.767569+00,2026-10-05 10:50:58.944763+00,Energi Dasar {Api},Energi,YOSHIROTTEN,"[""Energi Dasar""]",01a0e6e5-e72b-7cd4-9a2c-fbedbec301cb,cards/01a0e3c2-aab1-7d59-a7c0-95249527ce1b
01a0e3c2-abba-7c64-9a6b-ad7809717880,GRA,"{""regulationMark"":""J""}",2026-09-27 16:46:21.07531+00,2026-10-05 10:50:59.401986+00,Energi Dasar {Daun},Energi,YOSHIROTTEN,"[""Energi Dasar""]",01a0e6e5-e72b-7cd4-9a2c-fbedbec301cb,cards/01a0e3c2-abba-7c64-9a6b-ad7809717880
01a0e3c2-ae2e-7b86-b633-f5ff9f978354,LIG,"{""regulationMark"":""J""}",2026-09-27 16:46:21.677417+00,2026-10-05 10:51:00.020932+00,Energi Dasar {Listrik},Energi,YOSHIROTTEN,"[""Energi Dasar""]",01a0e6e5-e72b-7cd4-9a2c-fbedbec301cb,cards/01a0e3c2-ae2e-7b86-b633-f5ff9f978354
01a0e3c2-afcb-7aa7-ab48-5eade3de1c98,MET,"{""regulationMark"":""J""}",2026-09-27 16:46:22.090858+00,2026-10-05 10:51:00.679481+00,Energi Dasar {Logam},Energi,YOSHIROTTEN,"[""Energi Dasar""]",01a0e6e5-e72b-7cd4-9a2c-fbedbec301cb,cards/01a0e3c2-afcb-7aa7-ab48-5eade3de1c98
01a0e3c2-b1d3-7159-9677-81ec0820eaca,PSY,"{""regulationMark"":""J""}",2026-09-27 16:46:22.609111+00,2026-10-05 10:51:01.292304+00,Energi Dasar {Psychic},Energi,YOSHIROTTEN,"[""Energi Dasar""]",01a0e6e5-e72b-7cd4-9a2c-fbedbec301cb,cards/01a0e3c2-b1d3-7159-9677-81ec0820eaca
01a0e3c2-b3ca-72db-af6e-ef405ebcda10,WAT,"{""regulationMark"":""J""}",2026-09-27 16:46:23.114036+00,2026-10-05 10:51:01.801513+00,Energi Dasar {Air},Energi,YOSHIROTTEN,"[""Energi Dasar""]",01a0e6e5-e72b-7cd4-9a2c-fbedbec301cb,cards/01a0e3c2-b3ca-72db-af6e-ef405ebcda10
01a0e3c2-b6b4-78c8-a28c-906ad5653563,189,"{""stage"":""Stage 2"",""regulationMark"":""A"",""specialMarkers"":[""GX""]}",2026-09-27 16:46:23.85767+00,2026-10-05 10:51:02.839932+00,Solgaleo GX,Pokémon,PLANETA,[],01a0e6e5-e72b-7cd4-9a2c-fbedbec301cb,cards/01a0e3c2-b6b4-78c8-a28c-906ad5653563
01a0e3c2-b762-7889-aadd-dc95728c2d02,190,"{""stage"":""basic"",""regulationMark"":""A"",""specialMarkers"":[""GX""]}",2026-09-27 16:46:24.05916+00,2026-10-05 10:51:03.901673+00,Buzzwole GX,Pokémon,5ban Graphics,[],01a0e6e5-e72b-7cd4-9a2c-fbedbec301cb,cards/01a0e3c2-b762-7889-aadd-dc95728c2d02
01a0e3c2-ba43-7614-8370-9fa9a8799de3,191,"{""stage"":""basic"",""regulationMark"":""C"",""specialMarkers"":[""GX""]}",2026-09-27 16:46:24.757802+00,2026-10-05 10:51:04.960631+00,Pikachu & Zekrom GX,Pokémon,Mitsuhiro Arita,[],01a0e6e5-e72b-7cd4-9a2c-fbedbec301cb,cards/01a0e3c2-ba43-7614-8370-9fa9a8799de3
01a0e3c2-bc3c-7d21-a51b-322fc78f9a0f,192,"{""stage"":""basic"",""regulationMark"":""D"",""specialMarkers"":[""V""]}",2026-09-27 16:46:25.271272+00,2026-10-05 10:51:06.014625+00,Zacian V,Pokémon,5ban Graphics,[],01a0e6e5-e72b-7cd4-9a2c-fbedbec301cb,cards/01a0e3c2-bc3c-7d21-a51b-322fc78f9a0f
01a0e3c2-bdcb-7d8e-bb6a-3d34e179a0b2,193,"{""stage"":""basic"",""regulationMark"":""D""}",2026-09-27 16:46:25.673029+00,2026-10-05 10:51:06.932985+00,Raikou,Pokémon,Hideki Ishikawa,[],01a0e6e5-e72b-7cd4-9a2c-fbedbec301cb,cards/01a0e3c2-bdcb-7d8e-bb6a-3d34e179a0b2
01a0e3c2-c002-7b4f-86c8-4966213d9dc8,194,"{""stage"":""lainnya"",""regulationMark"":""E"",""specialMarkers"":[""VMAX""]}",2026-09-27 16:46:26.237201+00,2026-10-05 10:51:08.299034+00,Mew VMAX,Pokémon,5ban Graphics,[],01a0e6e5-e72b-7cd4-9a2c-fbedbec301cb,cards/01a0e3c2-c002-7b4f-86c8-4966213d9dc8
01a0e3c2-c1e7-72f4-8b26-d69c1c843417,195,"{""stage"":""lainnya"",""regulationMark"":""F"",""specialMarkers"":[""VSTAR""]}",2026-09-27 16:46:26.71069+00,2026-10-05 10:51:09.724761+00,Arceus VSTAR,Pokémon,5ban Graphics,[],01a0e6e5-e72b-7cd4-9a2c-fbedbec301cb,cards/01a0e3c2-c1e7-72f4-8b26-d69c1c843417
01a0e3c2-c43a-7de7-84b1-5e3fb1ce67ff,196,"{""stage"":""basic"",""regulationMark"":""G""}",2026-09-27 16:46:27.321392+00,2026-10-05 10:51:10.969104+00,Magikarp,Pokémon,Shinji Kanda,[],01a0e6e5-e72b-7cd4-9a2c-fbedbec301cb,cards/01a0e3c2-c43a-7de7-84b1-5e3fb1ce67ff
01a0e6e7-233d-7de7-99d7-e94f46312f7d,167,"{""stage"":""basic"",""regulationMark"":""n/a""}",2026-09-28 07:25:02.538463+00,2026-10-05 11:15:35.414084+00,Pikachu,Pokémon,Mitsuhiro Arita,[],01a0e6e5-e72b-7cd4-9a2c-fbedbec301cb,cards/01a0e6e7-233d-7de7-99d7-e94f46312f7d
01a0e6e7-2527-7246-b07b-9843aacd02d4,168,"{""stage"":""Stage 2"",""regulationMark"":""n/a""}",2026-09-28 07:25:03.055129+00,2026-10-05 11:15:36.522153+00,Charizard,Pokémon,Mitsuhiro Arita,[],01a0e6e5-e72b-7cd4-9a2c-fbedbec301cb,cards/01a0e6e7-2527-7246-b07b-9843aacd02d4
01a0e6e7-26e8-70f0-a7dc-44f8e42e64cb,169,"{""regulationMark"":""n/a""}",2026-09-28 07:25:03.529498+00,2026-10-05 11:15:37.528598+00,Misty,Trainer,Ken Sugimori,"[""Supporter""]",01a0e6e5-e72b-7cd4-9a2c-fbedbec301cb,cards/01a0e6e7-26e8-70f0-a7dc-44f8e42e64cb
01a0e6e7-2924-7a03-8093-dd255b4a5bbe,170,"{""stage"":""basic"",""regulationMark"":""n/a""}",2026-09-28 07:25:04.074411+00,2026-10-05 11:15:38.450281+00,Jigglypuff Erika,Pokémon,Ken Sugimori,[],01a0e6e5-e72b-7cd4-9a2c-fbedbec301cb,cards/01a0e6e7-2924-7a03-8093-dd255b4a5bbe
01a0e6e7-2af5-78ea-9cec-ad4d89c89b1a,171,"{""stage"":""basic"",""regulationMark"":""n/a""}",2026-09-28 07:25:04.539729+00,2026-10-05 11:15:39.233138+00,Sneasel,Pokémon,Ken Sugimori,[],01a0e6e5-e72b-7cd4-9a2c-fbedbec301cb,cards/01a0e6e7-2af5-78ea-9cec-ad4d89c89b1a
01a0e6e7-2ce5-7993-a036-c23d06ae7fe5,172,"{""stage"":""basic"",""regulationMark"":""n/a""}",2026-09-28 07:25:05.033403+00,2026-10-05 11:15:40.265696+00,Celebi Berkilau,Pokémon,Hironobu Yoshida,[],01a0e6e5-e72b-7cd4-9a2c-fbedbec301cb,cards/01a0e6e7-2ce5-7993-a036-c23d06ae7fe5
01a0e6e7-2f20-72f7-8e49-fac0d4c63fc1,173,"{""stage"":""basic"",""regulationMark"":""n/a""}",2026-09-28 07:25:05.60637+00,2026-10-05 11:15:41.232317+00,Lugia,Pokémon,Naoyo Kimura,[],01a0e6e5-e72b-7cd4-9a2c-fbedbec301cb,cards/01a0e6e7-2f20-72f7-8e49-fac0d4c63fc1
01a0e6e7-30b3-7941-be19-822dfcb3e75b,174,"{""stage"":""Stage 1"",""regulationMark"":""n/a""}",2026-09-28 07:25:06.037642+00,2026-10-05 11:15:42.104142+00,Delcatty,Pokémon,Atsuko Nishida,[],01a0e6e5-e72b-7cd4-9a2c-fbedbec301cb,cards/01a0e6e7-30b3-7941-be19-822dfcb3e75b
01a0e6e7-3302-7639-b263-ab6ecf8b0783,175,"{""stage"":""Stage 2"",""regulationMark"":""n/a""}",2026-09-28 07:25:06.59908+00,2026-10-05 11:15:42.840034+00,Tyranitar Jahat,Pokémon,Nakaoka,[],01a0e6e5-e72b-7cd4-9a2c-fbedbec301cb,cards/01a0e6e7-3302-7639-b263-ab6ecf8b0783
01a0e6e7-34fb-7816-9cbe-6ff5c23a2061,176,"{""stage"":""Stage 1"",""regulationMark"":""n/a"",""specialMarkers"":[""ex""]}",2026-09-28 07:25:07.107271+00,2026-10-05 11:15:44.162247+00,Scizor ex,Pokémon,Mitsuhiro Arita,[],01a0e6e5-e72b-7cd4-9a2c-fbedbec301cb,cards/01a0e6e7-34fb-7816-9cbe-6ff5c23a2061
01a0e6e7-380f-7e8f-9d7e-acda31683b62,177,"{""stage"":""Stage 2"",""regulationMark"":""n/a""}",2026-09-28 07:25:07.88947+00,2026-10-05 11:15:45.085132+00,Metagross,Pokémon,Masakazu Fukuda,[],01a0e6e5-e72b-7cd4-9a2c-fbedbec301cb,cards/01a0e6e7-380f-7e8f-9d7e-acda31683b62
01a0e6e7-3924-7dad-bccd-b3bfe7686340,178,"{""stage"":""lainnya"",""regulationMark"":""n/a""}",2026-09-28 07:25:08.197398+00,2026-10-05 11:15:46.016245+00,Palkia,Pokémon,Ryo Ueda,[],01a0e6e5-e72b-7cd4-9a2c-fbedbec301cb,cards/01a0e6e7-3924-7dad-bccd-b3bfe7686340
01a0e6e7-3ade-7afe-a86f-46520c71bba3,179,"{""stage"":""basic"",""regulationMark"":""n/a""}",2026-09-28 07:25:08.631463+00,2026-10-05 11:15:46.823785+00,Uxie,Pokémon,Ken Sugimori,[],01a0e6e5-e72b-7cd4-9a2c-fbedbec301cb,cards/01a0e6e7-3ade-7afe-a86f-46520c71bba3
01a0e6e7-3cac-7fcf-8914-c5d003426f88,180,"{""stage"":""basic"",""regulationMark"":""n/a""}",2026-09-28 07:25:09.098327+00,2026-10-05 11:15:47.718252+00,Crobat G,Pokémon,Makoto Imai,[],01a0e6e5-e72b-7cd4-9a2c-fbedbec301cb,cards/01a0e6e7-3cac-7fcf-8914-c5d003426f88
01a0e6e7-3ea8-7649-8e9a-914a850ff553,181,"{""stage"":""Stage 2"",""regulationMark"":""n/a""}",2026-09-28 07:25:09.585108+00,2026-10-05 11:15:48.55822+00,Gengar,Pokémon,Takashi Yamaguchi,[],01a0e6e5-e72b-7cd4-9a2c-fbedbec301cb,cards/01a0e6e7-3ea8-7649-8e9a-914a850ff553
01a0e6e7-40fc-7de3-8f2a-c33f14a2f2e3,182,"{""stage"":""lainnya"",""regulationMark"":""n/a""}",2026-09-28 07:25:10.162254+00,2026-10-05 11:15:49.390366+00,Darkrai & Cresselia LEGEND,Pokémon,Shinji Higuchi,[],01a0e6e5-e72b-7cd4-9a2c-fbedbec301cb,cards/01a0e6e7-40fc-7de3-8f2a-c33f14a2f2e3
01a0e6e7-425c-78f9-9bdc-6391b8254daa,184,"{""regulationMark"":""n/a""}",2026-09-28 07:25:10.533594+00,2026-10-05 11:15:50.250668+00,N,Trainer,Ken Sugimori,"[""Supporter""]",01a0e6e5-e72b-7cd4-9a2c-fbedbec301cb,cards/01a0e6e7-425c-78f9-9bdc-6391b8254daa
01a0e6e7-445c-76d8-8504-3e65983e581d,185,"{""stage"":""basic"",""regulationMark"":""n/a"",""specialMarkers"":[""EX""]}",2026-09-28 07:25:11.039376+00,2026-10-05 11:15:51.190319+00,Rayquaza EX,Pokémon,Eske Yoshinob,[],01a0e6e5-e72b-7cd4-9a2c-fbedbec301cb,cards/01a0e6e7-445c-76d8-8504-3e65983e581d
01a0e6e7-46a8-7bde-a3ea-f19a99769e80,186,"{""stage"":""basic"",""regulationMark"":""n/a"",""specialMarkers"":[""EX""]}",2026-09-28 07:25:11.632084+00,2026-10-05 11:15:52.377051+00,Genesect EX,Pokémon,Eske Yoshinob,[],01a0e6e5-e72b-7cd4-9a2c-fbedbec301cb,cards/01a0e6e7-46a8-7bde-a3ea-f19a99769e80
01a0e6e7-48af-7f6a-bc17-fa81169a2057,187,"{""stage"":""lainnya"",""regulationMark"":""n/a"",""specialMarkers"":[""EX""]}",2026-09-28 07:25:12.153008+00,2026-10-05 11:15:53.28326+00,M Gardevoir EX,Pokémon,5ban Graphics,[],01a0e6e5-e72b-7cd4-9a2c-fbedbec301cb,cards/01a0e6e7-48af-7f6a-bc17-fa81169a2057
01a0e6e7-4a7f-7bc9-ad9a-3be061c9d98d,188,"{""stage"":""lainnya"",""regulationMark"":""n/a""}",2026-09-28 07:25:12.615743+00,2026-10-05 11:15:54.090051+00,Greninja BREAK,Pokémon,5ban Graphics,[],01a0e6e5-e72b-7cd4-9a2c-fbedbec301cb,cards/01a0e6e7-4a7f-7bc9-ad9a-3be061c9d98d